<?xml version="1.0" encoding="UTF-8"?>
<beans xmlns="http://www.springframework.org/schema/beans"
	xmlns:xsi="http://www.w3.org/2001/XMLSchema-instance" xmlns:p="http://www.springframework.org/schema/p"
	xmlns:context="http://www.springframework.org/schema/context"
	xsi:schemaLocation="http://www.springframework.org/schema/beans
		http://www.springframework.org/schema/beans/spring-beans.xsd
		http://www.springframework.org/schema/context
		http://www.springframework.org/schema/context/spring-context.xsd">
		
	<bean id="multipartResolver"
		class="org.springframework.web.multipart.commons.CommonsMultipartResolver">
		<property name="maxUploadSize" value="99999999999" />
	</bean>
	<bean
		class="org.springframework.web.servlet.mvc.support.ControllerClassNameHandlerMapping" />
		
	<context:component-scan base-package="admin.controller" />	
	
  
	<bean id="viewResolver"
		class="org.springframework.web.servlet.view.InternalResourceViewResolver">
		<property name="prefix">
			<value>/WEB-INF/jsp/</value>
		</property>
		<property name="suffix">
			<value>.jsp</value>
		</property>
	</bean>

	<bean id="messageSource"
		class="org.springframework.context.support.ResourceBundleMessageSource">
		<property name="basenames">
			<list>
				<value>/message</value>
			</list>
		</property>
	</bean>	

	<bean
		class="org.springframework.web.servlet.mvc.annotation.DefaultAnnotationHandlerMapping" />

	<bean
		class="org.springframework.web.servlet.mvc.annotation.AnnotationMethodHandlerAdapter" />
	
	<bean id="loginValidator" class="admin.validator.LoginValidator" />
	<bean id="hubCitiAdminValidator" class="admin.validator.HubCitiAdminValidator" />
	<bean id="hotDealValidator" class="admin.validator.HotDealValidator" />
	<bean id="retailerValidator" class="admin.validator.RetailerValidator"/>
	<bean id="regionAdminValidator" class="admin.validator.RegionAdminValidator"/>
	<bean id="filterValidator" class="admin.validator.FilterValidator"/>
		
</beans>
