<?xml version="1.0" encoding="UTF-8"?>
<beans xmlns="http://www.springframework.org/schema/beans"
	xmlns:xsi="http://www.w3.org/2001/XMLSchema-instance" xmlns:context="http://www.springframework.org/schema/context"
	xmlns:jdbc="http://www.springframework.org/schema/jdbc" xmlns:tx="http://www.springframework.org/schema/tx"
	xsi:schemaLocation="http://www.springframework.org/schema/beans
        http://www.springframework.org/schema/beans/spring-beans.xsd
        http://www.springframework.org/schema/context
        http://www.springframework.org/schema/context/spring-context.xsd
        http://www.springframework.org/schema/jdbc
        http://www.springframework.org/schema/jdbc/spring-jdbc.xsd
        http://www.springframework.org/schema/tx
        http://www.springframework.org/schema/tx/spring-tx.xsd">

	<import resource="database-config.xml" />

	<bean id="loginService" class="admin.service.LoginServiceImpl">
		<property name="loginDAO" ref="loginDAO" />
	</bean>
	
	<bean id="couponService" class="admin.service.CouponServiceImpl">
		<property name="couponDAO" ref="couponDAO" />
	</bean>
	
	<bean id="promotionService" class="admin.service.PromotionServiceImpl">
		<property name="promotionDAO" ref="promotionDAO" />
	</bean>
	
	<bean id="retailerService" class="admin.service.RetailerServiceImpl">
		<property name="retailerDAO" ref="retailerDAO" />
		<property name="hubCitiDAO" ref="hubCitiDAO" />
	</bean>
	
	<bean id="hotDealService" class="admin.service.HotDealServiceImpl">
		<property name="hotDealDAO" ref="hotDealDAO" />
	</bean>
	
	<bean id="versionService" class="admin.service.VersionServiceImpl">
		<property name="versionDao" ref="versionDao" />
	</bean>
	
	<bean id="filterService" class="admin.service.FilterServiceImpl">
		<property name="filterDAO" ref="filterDAO" />
	</bean>
	
	<bean id="hubCitiService" class="admin.service.HubCitiServiceImpl">
		<property name="hubCitiDAO" ref="hubCitiDAO" />
	</bean>
	
	<bean id="exportService" class="admin.service.ExportServiceImpl">
		<property name="exportDAO" ref="exportDAO" />
		<property name="versionDao" ref="versionDao" />
	</bean>
	
</beans>                  
