<beans:beans xmlns="http://www.springframework.org/schema/security"
	xmlns:beans="http://www.springframework.org/schema/beans" xmlns:xsi="http://www.w3.org/2001/XMLSchema-instance"
	xsi:schemaLocation="http://www.springframework.org/schema/beans
	http://www.springframework.org/schema/beans/spring-beans-3.0.xsd
	http://www.springframework.org/schema/security
	http://www.springframework.org/schema/security/spring-security-3.0.3.xsd">

	<beans:import resource="database-config.xml" />

	<http auto-config="true" use-expressions="true">
		<intercept-url pattern="/**"  />
		<intercept-url pattern="/login.htm" filters="none"  />
		<intercept-url pattern="/redirect.jsp" filters="none" />
		<form-login login-page="/login.htm" default-target-url="/loginsuccess.htm" 
			authentication-failure-url="/loginfailed.htm" />
			<logout logout-success-url="/logout.htm" />
			
		<session-management invalid-session-url="/sessionTimeout.htm" />
	</http>

	<authentication-manager>
		<authentication-provider user-service-ref="jdbcUserService">
			<password-encoder hash="md5">
				<salt-source user-property="username" />
				
			</password-encoder>

		</authentication-provider>
	</authentication-manager>

	<beans:bean id="jdbcUserService" class="admin.dao.SpringSecurityDaoImpl">
		<beans:property name="dataSource" ref="scanSeeDataSource" />
		<beans:property name="enableGroups" value="true" />
		<beans:property name="enableAuthorities" value="false" />
		<beans:property name="groupAuthoritiesByUsernameQuery">
			<beans:value>SELECT R.AdminRoleID, R.AdminRoleName,
				M.AdminModuleName, P.Permission
				FROM
				AdminRole R
				JOIN AdminUserRole RM on R.AdminRoleID = RM.AdminRoleID
				JOIN Users U on U.UserID = RM.AdminUserID
				JOIN AdminRolePermission RP ON RP.AdminRoleID = R.AdminRoleID
				JOIN AdminPermission P ON P.AdminPermissionID =RP.AdminPermissionID
				JOIN AdminModule M ON M.AdminModuleID = RP.AdminModuleID
				JOIN UserType UT ON U.UserTypeID = UT.UserTypeID AND UT.UserType = 'ScanSee Admin'
				WHERE U.UserName = ? 

			</beans:value>
		</beans:property>
	</beans:bean>

	<!-- <authentication-manager> <authentication-provider> <user-service> <user 
		name="bob" password="bobspassword" authorities="ROLE_USER" /> </user-service> 
		</authentication-provider> </authentication-manager> -->

</beans:beans>